id;element;category;activation;layout_3d_position;layout_spatial_extent;global_thermal_effect;global_thermal_formula;global_thermal_inputs;heatmap_effect;heatmap_formula;heatmap_sigma_shape;heatmap_surfaces;heatmap_spatial_coverage;max_local_delta;fe_be_aligned;review_flags
ENV-01;Envelope conduction;Passive envelope;Always;N/A (whole structure);Full envelope area W/m² floor ref;Increases vent+cond coupling in balance denominator;conductance = U × envelopeArea / floorArea;covering.uValue dimensions;None directly (via baseTemp only);baseTemp from global solve;N/A;floor roof walls;Uniform baseline T;0 (baseline);Yes;OK
ENV-02;Ventilation mode ACH base;Ventilation;equipment.ventilation;N/A;Whole volume;Raises ACH → more heat loss via ventCoeff;ventCoeff = 1.2×1005×ACH×volume/(3600×floorArea);VENT_ACH_BASE[mode]: natural_ridge 1.2 natural_gable 1.0 roof_vents 2.5 side_vents 2.0 forced_exhaust 4.0 combined 5.5;Indirect via edge vent + exhaust layout;edge × warmExcess × ventTempCoeff;edgeFactor = sqrt((x/halfL)²+(z/halfW)²)/√2;floor roof walls;Perimeter-weighted cooler edges;ventTempCoeff=(0.16+wind×0.012)×(0.7+ventCap×0.45)×√widthScale;Yes;Edge cooling uses warmExcess not direct ACH
ENV-03;Wind ventilation bonus;Ventilation;Always (scenario.windSpeedMS);N/A;Whole volume;ACH += wind×0.3;Same ventCoeff path;windSpeedMS;Boosts ventTempCoeff and mixingFactor;wind in ventTempCoeff and computeMixingFactor;N/A;floor roof walls;Stronger perimeter exchange when windy;Same as edge vent;Yes;OK
ENV-04;Natural buoyancy ACH;Ventilation;ventilation starts with natural_;N/A;Whole volume;ACH += 0.5;ventilation_ach;ventilation mode;None explicit;N/A;N/A;N/A;Whole volume indirect;0;Yes;OK
SOL-01;Solar gain global;Solar/climate;Always (daylight);N/A;Whole floor;Adds qSolar to energy balance numerator;qSolar = τ×260×0.72×intensity×sin(el) [FE] or irradiance×τ×0.72 [BE];transmittance scenario solar;Sets baseTemp;amplitude = el×intensity×qSolar×0.08 then spatial sample;sun direction bias + heightFactor;floor roof walls;Directional patchwork sun-facing walls;amplitude×spatial;±~qSolar×0.08;Partial;FE uses fixed 260 W/m² proxy BE uses MJ/day→W/m² — different qSolar base
SOL-02;Solar field spatial;Solar/climate;solar.active (qSolar>0 elevation>0);N/A;Whole interior;None (not in balance);N/A;scenario azimuth elevation intensity;Local heating delta;solarDelta×0.9 on temp -solarDelta×0.22 on RH;sunFacing fromWest/East/South/North + alongSun;floor roof walls;Sunward side warmer taller points slightly warmer;heightFactor 0.65–1.0;±amplitude (~qSolar×0.08);FE only;Backend heatmap uses qSolar×0.015 center-biased only
TRP-01;Crop transpiration;Crop/biology;Always;N/A (crop canopy);Whole crop zone;Cooling flux qTranspiration W/m²;-(ET_mm/h/3600)×λ λ=2.45e6;ET0 Kc LAI system etFactor;None spatial;N/A;N/A;N/A;Uniform via baseTemp;0;Yes;OK
TRP-02;Cultivation thermal mass;Crop/substrate;Always;N/A;Whole air volume;Dampens T deviation from exterior;T = T_ext + (T_calc - T_ext)/thermalMass;CULTIVATION_THERMAL_MASS[system];None;N/A;N/A;N/A;Uniform;0;Yes;OK
FAN-01;Wall exhaust fans;Exhaust;fan_and_pad OR evaporative OR forced_exhaust OR combined;+X wall (east) y=eave×0.62 spread on Z;Count×diameter on width;ACH boost (fanArea/floor)×8;exhaustCapacityFactor = Σ(count×(D/Dref)²)/baseline;exhaustFanCount exhaustFanDiameterM;Local cooling Gaussian per fan;temp -= 4.2×scale×g RH -= 8×scale×g;σ = diameter×1.2 per fan;floor roof walls;Disk ~2.4× fan diameter around each fan;±4.2×scale °C;Partial;Global ACH only scalar; heatmap has per-fan position at +X
FAN-02;Roof/gable exhaust fans;Exhaust;Same as FAN-01 + roofExhaustFanCount>0;+X gable upper y=gableFanCenterY per bay;Up to bayCount fans;Included in FAN-01 ACH sum;roof fan flow in exhaustCapacityFactor;roofExhaustFanCount roofExhaustFanDiameterM;Local cooling;temp -= 2.8×scale×g RH -= 5×scale×g;σ = diameter×1.4;floor roof walls;Upper gable zone;±2.8×scale °C;Partial;Same ACH vs spatial split as FAN-01
FAN-03;HAF circulation fans;Mixing;circulationFanCount > 0;Two rows per bay Z=bay±bayW/4 hangY ~1.8–ridge;Pairs along full length offset 3m from gable;ACH += min(count 24)×0.15;circulationCapacityFactor;circulationFanCount circulationFanDiameterM;Mixing only (reduces local deltas) NOT cooling;mix += 0.28×scale×g cap 0.55 then temp×(1-mix×0.25);σ = diameter×2.4;floor roof walls;Gaussian around each HAF;Dampens up to 25% local ΔT;Partial;Global treats as ventilation boost; heatmap treats as homogenization — intentional but confusing
PAD-01;Evaporative pad wall;Cooling pad;fan_and_pad OR evaporative;-X wall (west) zCenter=0;width up to 95% greenhouse width height ≤0.85×eave;Indirect via cooling mode;See CLG-01 CLG-02;padWallWidthM padWallHeightM;Pad plume + wall bonus;plume: temp -= 4.8×plume×scale RH += 11×… extra near floor;depth σ=length×0.18 along σ=width×0.42;floor wall_west (+wall bonus);West side corridor into house;up to ~6.4°C local + wall -2°C;Partial;Pad area scales cooling globally via padCapacityFactor
CLG-01;Fan-and-pad cooling global;Cooling;cooling=fan_and_pad;Pad -X + exhaust +X;Airflow length-wise;Subtract wet-bulb bounded tempDrop;depression×0.72×systemFactor×1.15;pad+exhaust capacity external T/RH;Lengthwise transit gradient;west cool -= (1-t)×padTransit east warm += t^1.35×eastWarm;X from -halfL to +halfL;floor roof walls;Full length gradient;padTransit=min(5.5 tempDrop×0.72);Yes;Global drop also duplicated in plume+transit — risk double-count feel
CLG-02;Evaporative cooling global;Cooling;cooling=evaporative;Same pad wall;Same;coolDelta=-4.5×(0.45+padCap×0.75)×1.15;padCapacityFactor;pad sizing;Weaker transit gradient;west *=0.55 east *=0.2 of padTransit;X gradient;floor roof walls;Full length weaker than fan_and_pad;~2.8°C west max;Yes;Evaporative global stronger than heatmap plume alone
CLG-03;Mechanical AC global;Cooling;cooling=mechanical_ac;AC units on N/S walls;Whole zone scalar;coolDelta=-10×(0.45+acCap×0.85)×1.15 floor min 12°C;acCapacityFactor=count×width/baseline;acUnitCount acUnitWidthM;NOT in global as spatial;Spatial via ducts below;N/A;floor roof walls;Scalar shift only globally;0 global spatial;Partial;User sees ducts on heatmap but global T is uniform offset
CLG-04;High-pressure fog global;Cooling;cooling=high_pressure_fog;Fog lines at ridge;Whole zone;coolDelta=-5×(0.45+fogCap×0.85)×1.15;fogCapacityFactor;fogLineCount;Fog bands along Z;temp -= 1.2×fogScale×g RH += 11×…;σz=width×0.16 alongX taper;floor roof walls;Horizontal bands at each fog line Z;~1.2–1.55×fogScale °C;Partial;BE heatmap uses analytic band not layout positions
AC-01;AC outdoor units;AC equipment;mechanical_ac;Alternating N/S wall y=eave×0.55;spreadAlongAxis on length;RH tweak only globally;rh -= (acCap-1)×4;acUnitCount;Minor local cool;temp -= 1.2×scale×g×0.2;σ = width×0.55;floor roof walls;Small zone at each unit;~0.24×acCap °C;Partial;Units are not main cooling source in heatmap — ducts are
AC-02;AC supply duct segments;AC ducts;mechanical_ac;Wall headers + cross-ducts every 5.5m ceiling;Full length × width network;None;N/A;from acDuctLayout;Cooling along duct path;temp -= 1.05×scale×g per sample step;σ = diameter×2.2 steps every ~2m;floor roof walls;Continuous corridors + cross spans;~1.05×acCap per segment peak;FE only;Main AC spatial signal — verify coverage vs unit count
AC-03;AC ceiling diffusers;AC ducts;mechanical_ac;Along duct lines spacing 4m y≈eave-0.35;reachM=2.4+0.5×(width/1.8);None;N/A;diffuser reachM;Strongest AC local cool;temp -= 2.9×scale×g extra -0.8 if at diffuser height;σ = reachM;floor roof walls;Disks ~5m reach per diffuser;~3.7×acCap °C peak;FE only;Check overlap when many diffusers
FOG-01;Fog nozzle lines;Fog;high_pressure_fog;ridgeHeight-0.35 spread on Z;Count lines × length nozzles;See CLG-04;fogCapacityFactor;fogLineCount;See CLG-04 heatmap row;gaussian along Z;width×0.16;floor roof walls;Ridge-height bands;See CLG-04;Partial;3D lines visible; heatmap bands may not match nozzle density
VNT-01;Roof ridge vents;Ventilation;roof_vents OR combined OR natural_ridge;Per bay ridge y=ridge-0.08;perBay vents along 75% length;ACH via ventArea (roofVentCount×width×1.2);ventArea/floor×2.5;roofVentCount roofVentWidthM;Local exhaust cool;strength=(1.4 roof)×ventCap×g extra -0.7 at ridge height;σx=width×0.45 σz=bayWidth×0.35;floor roof walls;Bay-centered roof strips;~1.4×ventCap °C;Partial;Layout distributes per bay; ACH uses total count only
VNT-02;Side wall vents;Ventilation;side_vents OR combined;±X at 0.55×halfL y=eave×0.55;Pairs N/S per Z slot;ACH sideVentCount×height×1.8 in ventArea;ventCapacityFactor;sideVentCount sideVentHeightM;Local cool strength=1.0×ventCap×g;σ = 1.2×ventWidthScale;floor roof walls;Mid-wall bilateral;~1×ventCap °C;Partial;Two side vents per Z slot in layout
VNT-03;Natural gable vent;Ventilation;natural_gable;+X gable y=eave×0.72;width 55% greenhouse;Base ACH 1.0 only;VENT_ACH_BASE;ventilation mode;Uses generic vent loop if in vents[];kind=gable strength×0.8;σ ~1.2;floor roof walls;Single large gable opening;Moderate;Partial;Gable vent in layout as kind=gable — weak heatmap strength 0.8
HTG-01;Unit heaters;Heating;heating=unit_heater AND baseTemp<22°C;-X interior y=eave-0.45 spread Z;heaterUnitCount;Flux 180×min(deficit/5 1.5)×heaterCap /(U×2.5);heaterCapacityFactor;heaterUnitCount;Local warm spots;temp += 2.2×heaterShare×g RH -= 3×…;σ = 2.2m;floor roof walls;Gaussian per heater;~2.2×heaterShare °C;Partial;Only if deficit>0 globally; heatmap uses isHeatingInfluenceActive
HTG-02;Air heaters;Heating;heating=air_heater AND baseTemp<22°C;-X wall y=eave×0.35;heaterUnitCount;Flux 150×… same path;heaterCapacityFactor;heaterUnitCount;Same as HTG-01;σ=2.2;floor roof walls;Near west wall low;~2.2×share °C;Partial;Same gate as HTG-01
HTG-03;Geothermal loops;Heating;heating=geothermal AND baseTemp<22°C;Floor z rows pipeRowCount;pipeRowCount lines;Flux 90×min(deficit/5 1.5)×min(pipeRows 8)/3;pipeRowCount;pipeRowCount;Uses heater layout kind=geothermal;σ=2.2;floor;Floor-level bands;Low local;Partial;BE scales pipe rows; FE layout uses pipeRowCount as heater points
HTG-04;Hot water pipes;Heating;heating=hot_water_pipes AND baseTemp<22°C;NO 3D layout;Whole floor;Flux 120×min(deficit/5 1.5) no sizing scale;HEATING_W_M2 only;none;NONE;N/A;N/A;N/A;Uniform global only;0 spatial;Partial;MISSING 3D + heatmap — only global W/m²
MIX-01;Spatial retention (mixing);Mixing;Always when exhaust/circ/wind>0;N/A;Whole field;None;spatialRetention=1-mixingFactor×0.03;exhaust+circ+wind;Scales all local deltas;tempDelta×retention;N/A;floor roof walls;Global dampener on all perturbations;10% max reduction;FE only;Subtle; works with HAF
MIX-02;Height stratification;Air stack;Always;N/A;Vertical profile;None;N/A;N/A;Warmer near roof;temp += (y/eave)×0.35×heightScale;linear in y;floor(y=0.2) walls roof;Bottom cooler top warmer;~0.35×heightScale at ridge;FE only;OK for preview; not in BE heatmap
FLT-01;Temperature floor (evap);Limit;fan_and_pad evaporative fog;N/A;Whole field;max(padCoolingTempFloor ext T RH);psychrometrics;external T/RH;applyHeatmapTemperatureFloor on each cell;same;N/A;all surfaces;Hard floor per cell;N/A;Yes;Can flatten pad/AC zones at high RH
FLT-02;Temperature floor (AC);Limit;mechanical_ac;N/A;Whole field;max(12°C T);MECHANICAL_AC_TEMP_FLOOR_C;none;max(12 temp);same;N/A;all surfaces;Hard min 12°C;N/A;Yes;OK
FLT-03;Local delta clamp;Limit;Always;N/A;Whole field;None;N/A;N/A;Clips perturbations;clamp ±10°C ±28% RH;N/A;all surfaces;Prevents extreme pixels;±10°C;FE only;Can hide strong equipment if base+ΣΔ>10
WAL-01;West wall pad bonus;Wall surface;pad + evaporative pad;wall_west x=-halfL;y ≤ pad.height+0.2;None;N/A;pad;Extra -2°C +8% RH;gaussian z pad.width×0.4;wall_west only;Pad face strip;~2×padFactor °C;FE only;Only on wall mesh not floor plume
WAL-02;East wall exhaust bonus;Wall surface;exhaust fans present;wall_east x=+halfL;Full height;None;N/A;exhaust count;temp -= 0.4×heightNorm;linear with y/eave;wall_east only;Exhaust gable face;~0.4°C top;FE only;Small effect
SYS-01;3D heatmap data source;Architecture;Always;N/A;5 surfaces floor 4 walls;baseTemp from estimatePreviewMicroclimate;thermalEstimate.ts;all UI inputs;equipmentAwareHeatmap generateVisibleSurfaceHeatmaps;influenceAt per grid 1.25m 8–24;floor wall_* ;Full greenhouse skin;±10 clamp;N/A;Backend heatmap_matrix NOT used for 3D (isLive flag only) — major divergence
SYS-02;Backend WS heatmap;Architecture;WebSocket connected;N/A;Floor grid rows=length/2;Same global T as BE thermal;thermal.py _generate_heatmap;equipment sizing;Analytic x_norm z_norm sin waves;no equipment XYZ;floor only in payload;Coarse floor grid;Different model entirely;No;3D overlay ignores this matrix — review if should unify
SYS-03;Adaptive color scale;Visualization;Heatmap enabled;N/A;Shader;None;computeHeatmapVisualRange ~10°C span;field min/max;Maps local values to colors;HEATMAP_FIXED_SCALE 0–50 reference in legend;N/A;all surfaces;Expands contrast;N/A;FE only;Equipment visible after PR#8; legend still 0–50 absolute
